timestamp,host,port,username,password_tried,result,message,elapsed_ms
2025-10-09T16:26:08.469887Z,192.168.1.133,21,ftpu,Administrator17,FAIL,Auth failed: 503 Use AUTH first.,32
2025-10-09T16:26:09.482119Z,192.168.1.133,21,ftpu,letmein2201,FAIL,Auth failed: 503 Use AUTH first.,11
2025-10-09T16:26:10.483465Z,192.168.1.133,21,ftpu,Iloveyou89,FAIL,Auth failed: 503 Use AUTH first.,0
2025-10-09T16:26:11.486413Z,192.168.1.133,21,ftpu,Administrator29,FAIL,Auth failed: 503 Use AUTH first.,2
2025-10-09T16:26:12.488325Z,192.168.1.133,21,ftpu,localpass1078,FAIL,Auth failed: 503 Use AUTH first.,1
2025-10-09T16:26:13.500081Z,192.168.1.133,21,ftpu,iloveyou3101,FAIL,Auth failed: 503 Use AUTH first.,11
2025-10-09T16:26:14.502919Z,192.168.1.133,21,ftpu,Welcome32,FAIL,Auth failed: 503 Use AUTH first.,2
2025-10-09T16:26:15.507059Z,192.168.1.133,21,ftpu,Root77,FAIL,Auth failed: 503 Use AUTH first.,3
2025-10-09T16:26:16.510043Z,192.168.1.133,21,ftpu,administrator3401,FAIL,Auth failed: 503 Use AUTH first.,2
2025-10-09T16:26:17.512344Z,192.168.1.133,21,ftpu,password4001,FAIL,Auth failed: 503 Use AUTH first.,1
2025-10-09T16:26:18.515484Z,192.168.1.133,21,ftpu,Localpass53,FAIL,Auth failed: 503 Use AUTH first.,2
2025-10-09T16:26:19.527949Z,192.168.1.133,21,ftpu,abcd12347901,FAIL,Auth failed: 503 Use AUTH first.,11
2025-10-09T16:26:20.530343Z,192.168.1.133,21,ftpu,123495,FAIL,Auth failed: 503 Use AUTH first.,1
2025-10-09T16:26:21.542175Z,192.168.1.133,21,ftpu,administrator1027,FAIL,Auth failed: 503 Use AUTH first.,11
2025-10-09T16:26:22.544404Z,192.168.1.133,21,ftpu,Changeme11,FAIL,Auth failed: 503 Use AUTH first.,1
2025-10-09T16:26:23.547636Z,192.168.1.133,21,ftpu,Changeme35,FAIL,Auth failed: 503 Use AUTH first.,2
2025-10-09T16:26:24.550415Z,192.168.1.133,21,ftpu,admin1060,FAIL,Auth failed: 503 Use AUTH first.,2
2025-10-09T16:26:25.552759Z,192.168.1.133,21,ftpu,abcd12341081,FAIL,Auth failed: 503 Use AUTH first.,1
2025-10-09T16:26:26.555510Z,192.168.1.133,21,ftpu,secret8501,FAIL,Auth failed: 503 Use AUTH first.,2
2025-10-09T16:26:27.557432Z,192.168.1.133,21,ftpu,root7601,FAIL,Auth failed: 503 Use AUTH first.,1
2025-10-09T16:26:28.569948Z,192.168.1.133,21,ftpu,Password171,FAIL,Auth failed: 503 Use AUTH first.,11
2025-10-09T16:26:29.581923Z,192.168.1.133,21,ftpu,1111111030,FAIL,Auth failed: 503 Use AUTH first.,11
2025-10-09T16:26:30.584515Z,192.168.1.133,21,ftpu,changeme4901,FAIL,Auth failed: 503 Use AUTH first.,2
2025-10-09T16:26:31.588081Z,192.168.1.133,21,ftpu,root1093,FAIL,Auth failed: 503 Use AUTH first.,2
2025-10-09T16:26:32.591258Z,192.168.1.133,21,ftpu,11111114,FAIL,Auth failed: 503 Use AUTH first.,2
2025-10-09T16:26:33.593411Z,192.168.1.133,21,ftpu,12345686,FAIL,Auth failed: 503 Use AUTH first.,1
2025-10-09T16:26:34.605229Z,192.168.1.133,21,ftpu,Passw0rd59,FAIL,Auth failed: 503 Use AUTH first.,11
2025-10-09T16:26:35.616502Z,192.168.1.133,21,ftpu,secret8201,FAIL,Auth failed: 503 Use AUTH first.,11
2025-10-09T16:26:36.620040Z,192.168.1.133,21,ftpu,Iloveyou80,FAIL,Auth failed: 503 Use AUTH first.,2
2025-10-09T16:26:37.623007Z,192.168.1.133,21,ftpu,Administrator65,FAIL,Auth failed: 503 Use AUTH first.,2
2025-10-09T16:26:38.624598Z,192.168.1.133,21,ftpu,administrator7301,FAIL,Auth failed: 503 Use AUTH first.,1
2025-10-09T16:26:39.627623Z,192.168.1.133,21,ftpu,admin0701,FAIL,Auth failed: 503 Use AUTH first.,2
2025-10-09T16:26:40.639171Z,192.168.1.133,21,ftpu,Ftp1235,FAIL,Auth failed: 503 Use AUTH first.,10
2025-10-09T16:26:41.651083Z,192.168.1.133,21,ftpu,admin1235801,FAIL,Auth failed: 503 Use AUTH first.,11
2025-10-09T16:26:42.654638Z,192.168.1.133,21,ftpu,Admin12323,FAIL,Auth failed: 503 Use AUTH first.,2
2025-10-09T16:26:43.665944Z,192.168.1.133,21,ftpu,ftp1235501,FAIL,Auth failed: 503 Use AUTH first.,10
2025-10-09T16:26:44.677443Z,192.168.1.133,21,ftpu,Changeme68,FAIL,Auth failed: 503 Use AUTH first.,11
2025-10-09T16:26:45.680267Z,192.168.1.133,21,ftpu,Abcd123438,FAIL,Auth failed: 503 Use AUTH first.,2
2025-10-09T16:26:46.691452Z,192.168.1.133,21,ftpu,ftp1231072,FAIL,Auth failed: 503 Use AUTH first.,10
2025-10-09T16:26:47.703321Z,192.168.1.133,21,ftpu,ftp1231087,FAIL,Auth failed: 503 Use AUTH first.,11
2025-10-09T16:26:48.714943Z,192.168.1.133,21,ftpu,changeme1090,FAIL,Auth failed: 503 Use AUTH first.,11
2025-10-09T16:26:49.717658Z,192.168.1.133,21,ftpu,changeme1039,FAIL,Auth failed: 503 Use AUTH first.,1
2025-10-09T16:26:50.729322Z,192.168.1.133,21,ftpu,test1236401,FAIL,Auth failed: 503 Use AUTH first.,11
2025-10-09T16:26:51.740851Z,192.168.1.133,21,ftpu,Abcd123498,FAIL,Auth failed: 503 Use AUTH first.,10
2025-10-09T16:26:52.752863Z,192.168.1.133,21,ftpu,password19701,FAIL,Auth failed: 503 Use AUTH first.,11
2025-10-09T16:26:53.763764Z,192.168.1.133,21,ftpu,abcd12342501,FAIL,Auth failed: 503 Use AUTH first.,10
2025-10-09T16:26:54.766920Z,192.168.1.133,21,ftpu,Test12392,FAIL,Auth failed: 503 Use AUTH first.,2
2025-10-09T16:26:55.778742Z,192.168.1.133,21,ftpu,iloveyou1018,FAIL,Auth failed: 503 Use AUTH first.,11
2025-10-09T16:26:56.790598Z,192.168.1.133,21,ftpu,changeme3701,FAIL,Auth failed: 503 Use AUTH first.,11
2025-10-09T16:26:57.793547Z,192.168.1.133,21,ftpu,administrator1099,FAIL,Auth failed: 503 Use AUTH first.,2
2025-10-09T16:26:58.796539Z,192.168.1.133,21,ftpu,Ftp12341,FAIL,Auth failed: 503 Use AUTH first.,2
2025-10-09T16:26:59.799347Z,192.168.1.133,21,ftpu,letmein1066,FAIL,Auth failed: 503 Use AUTH first.,2
2025-10-09T16:27:00.801136Z,192.168.1.133,21,ftpu,letmein9101,FAIL,Auth failed: 503 Use AUTH first.,1
2025-10-09T16:27:01.804575Z,192.168.1.133,21,ftpu,ftp1231021,FAIL,Auth failed: 503 Use AUTH first.,3
2025-10-09T16:27:02.807617Z,192.168.1.133,21,ftpu,password11003,FAIL,Auth failed: 503 Use AUTH first.,2
2025-10-09T16:27:03.809373Z,192.168.1.133,21,ftpu,1111111000,FAIL,Auth failed: 503 Use AUTH first.,1
2025-10-09T16:27:04.811965Z,192.168.1.133,21,ftpu,changeme1063,FAIL,Auth failed: 503 Use AUTH first.,1
2025-10-09T16:27:05.824584Z,192.168.1.133,21,ftpu,secret1901,FAIL,Auth failed: 503 Use AUTH first.,11
2025-10-09T16:27:06.836886Z,192.168.1.133,21,ftpu,Letmein44,FAIL,Auth failed: 503 Use AUTH first.,11
2025-10-09T16:27:07.849278Z,192.168.1.133,21,ftpu,changeme1001,FAIL,Auth failed: 503 Use AUTH first.,11
2025-10-09T16:27:08.851459Z,192.168.1.133,21,ftpu,changeme6701,FAIL,Auth failed: 503 Use AUTH first.,1
2025-10-09T16:27:09.854567Z,192.168.1.133,21,ftpu,password1015,FAIL,Auth failed: 503 Use AUTH first.,2
2025-10-09T16:27:10.866086Z,192.168.1.133,21,ftpu,qwerty1033,FAIL,Auth failed: 503 Use AUTH first.,11
2025-10-09T16:27:11.868264Z,192.168.1.133,21,ftpu,Abcd123447,FAIL,Auth failed: 503 Use AUTH first.,1
2025-10-09T16:27:12.880501Z,192.168.1.133,21,ftpu,test1238801,FAIL,Auth failed: 503 Use AUTH first.,11
2025-10-09T16:27:13.883806Z,192.168.1.133,21,ftpu,admin1232801,FAIL,Auth failed: 503 Use AUTH first.,2
2025-10-09T16:27:14.895397Z,192.168.1.133,21,ftpu,secret1009,FAIL,Auth failed: 503 Use AUTH first.,10
2025-10-09T16:27:15.898725Z,192.168.1.133,21,ftpu,Administrator8,FAIL,Auth failed: 503 Use AUTH first.,2
2025-10-09T16:27:16.910784Z,192.168.1.133,21,ftpu,changeme1024,FAIL,Auth failed: 503 Use AUTH first.,11
2025-10-09T16:27:17.913709Z,192.168.1.133,21,ftpu,ftp1231096,FAIL,Auth failed: 503 Use AUTH first.,2
2025-10-09T16:27:18.925333Z,192.168.1.133,21,ftpu,Welcome50,FAIL,Auth failed: 503 Use AUTH first.,11
2025-10-09T16:27:19.927986Z,192.168.1.133,21,ftpu,Welcome83,FAIL,Auth failed: 503 Use AUTH first.,2
2025-10-09T16:27:20.940397Z,192.168.1.133,21,ftpu,changeme1036,FAIL,Auth failed: 503 Use AUTH first.,11
2025-10-09T16:27:21.943678Z,192.168.1.133,21,ftpu,ftp1231054,FAIL,Auth failed: 503 Use AUTH first.,2
2025-10-09T16:27:22.946608Z,192.168.1.133,21,ftpu,qwerty7001,FAIL,Auth failed: 503 Use AUTH first.,2
2025-10-09T16:27:23.949928Z,192.168.1.133,21,ftpu,passw0rd1301,FAIL,Auth failed: 503 Use AUTH first.,2
2025-10-09T16:27:24.952763Z,192.168.1.133,21,ftpu,qwerty1051,FAIL,Auth failed: 503 Use AUTH first.,2
2025-10-09T16:27:25.965317Z,192.168.1.133,21,ftpu,localpass1012,FAIL,Auth failed: 503 Use AUTH first.,11
2025-10-09T16:27:26.967111Z,192.168.1.133,21,ftpu,ftp1231006,FAIL,Auth failed: 503 Use AUTH first.,1
2025-10-09T16:27:27.970332Z,192.168.1.133,21,ftpu,password5201,FAIL,Auth failed: 503 Use AUTH first.,2
2025-10-09T16:27:28.982362Z,192.168.1.133,21,ftpu,passw0rd9401,FAIL,Auth failed: 503 Use AUTH first.,11
2025-10-09T16:27:29.984877Z,192.168.1.133,21,ftpu,letmein1069,FAIL,Auth failed: 503 Use AUTH first.,1
2025-10-09T16:27:30.997022Z,192.168.1.133,21,ftpu,welcome1084,FAIL,Auth failed: 503 Use AUTH first.,11
2025-10-09T16:27:32.009179Z,192.168.1.133,21,ftpu,admin1048,FAIL,Auth failed: 503 Use AUTH first.,11
2025-10-09T16:27:33.020755Z,192.168.1.133,21,ftpu,passw0rd6101,FAIL,Auth failed: 503 Use AUTH first.,10
2025-10-09T16:27:34.032204Z,192.168.1.133,21,ftpu,password10101,FAIL,Auth failed: 503 Use AUTH first.,11
2025-10-09T16:27:35.043351Z,192.168.1.133,21,ftpu,welcome1601,FAIL,Auth failed: 503 Use AUTH first.,10
2025-10-09T16:27:36.054960Z,192.168.1.133,21,ftpu,Qwerty62,FAIL,Auth failed: 503 Use AUTH first.,11
2025-10-09T16:27:37.058150Z,192.168.1.133,21,ftpu,password0401,FAIL,Auth failed: 503 Use AUTH first.,2
2025-10-09T16:27:38.069471Z,192.168.1.133,21,ftpu,password14601,FAIL,Auth failed: 503 Use AUTH first.,11
2025-10-09T16:27:39.081328Z,192.168.1.133,21,ftpu,Admin2,FAIL,Auth failed: 503 Use AUTH first.,11
2025-10-09T16:27:40.093614Z,192.168.1.133,21,ftpu,Localpass56,FAIL,Auth failed: 503 Use AUTH first.,11
2025-10-09T16:27:41.096155Z,192.168.1.133,21,ftpu,11111126,FAIL,Auth failed: 503 Use AUTH first.,1
2025-10-09T16:27:42.099057Z,192.168.1.133,21,ftpu,changeme1075,FAIL,Auth failed: 503 Use AUTH first.,2
2025-10-09T16:27:43.100793Z,192.168.1.133,21,ftpu,passw0rd1057,FAIL,Auth failed: 503 Use AUTH first.,1
2025-10-09T16:27:44.103897Z,192.168.1.133,21,ftpu,1111111045,FAIL,Auth failed: 503 Use AUTH first.,2
2025-10-09T16:27:45.106865Z,192.168.1.133,21,ftpu,Root74,FAIL,Auth failed: 503 Use AUTH first.,2
2025-10-09T16:27:46.108973Z,192.168.1.133,21,ftpu,admin1234301,FAIL,Auth failed: 503 Use AUTH first.,1
2025-10-09T16:27:47.120344Z,192.168.1.133,21,ftpu,1111111042,FAIL,Auth failed: 503 Use AUTH first.,10
2025-10-09T16:27:48.123654Z,192.168.1.133,21,ftpu,Welcome20,FAIL,Auth failed: 503 Use AUTH first.,2
